City_ID,City,Lat,Lng,Max Temp,Humidity,Cloudiness,Wind Speed,Country,Date
0,tiksi,71.6872,128.8694,267.95,97,100,4.68,RU,1682359545
1,kingston,17.997,-76.7936,303.84,67,28,1.34,JM,1682359356
2,avarua,-21.2078,-159.775,296.18,83,20,3.09,CK,1682359546
3,happy valley-goose bay,53.3168,-60.3315,283.32,53,20,3.09,CA,1682359546
4,udachny,66.4167,112.4,259.18,100,50,1.59,RU,1682359546
5,brookings,44.3114,-96.7984,282.34,47,0,3.09,US,1682359547
6,yellowknife,62.456,-114.3525,277.44,56,75,2.68,CA,1682359547
7,albany,42.6001,-73.9662,284.91,55,91,0.89,US,1682359501
8,gbadolite,4.2833,21.0167,297.78,72,69,1.37,CD,1682359548
9,bilibino,68.0546,166.4372,257.84,78,2,2.43,RU,1682359548
10,ushuaia,-54.8,-68.3,278.96,75,100,1.54,AR,1682359483
11,turkestan,43.3333,68.25,291.11,29,1,2.26,KZ,1682359548
12,i-n-salah,27.1935,2.4607,304.68,9,14,5.07,DZ,1682359549
13,lebu,-37.6167,-73.65,288.47,68,2,3.9,CL,1682359549
14,adamstown,-25.066,-130.1015,298.3,88,99,6.11,PN,1682359549
15,grytviken,-54.2811,-36.5092,275.17,82,19,7.96,GS,1682359550
16,nemuro,43.3236,145.575,275.81,76,13,7.61,JP,1682359550
17,edinburgh of the seven seas,-37.0676,-12.3116,288.67,67,72,9.17,SH,1682359550
18,vorkuta,67.5,64.0,264.74,97,93,4.49,RU,1682359551
19,new norfolk,-42.7826,147.0587,284.1,87,34,1.7,AU,1682359551
20,rio grande,-32.035,-52.0986,302.21,65,2,5.05,BR,1682359551
21,isangel,-19.55,169.2667,298.0,84,67,3.77,VU,1682359551
22,waitangi,-43.9535,-176.5597,284.81,53,94,13.91,NZ,1682359552
23,college,64.8569,-147.8028,264.12,48,75,6.69,US,1682359552
24,ta`u,-14.2336,-169.5144,300.56,75,55,3.89,AS,1682359552
25,puerto ayora,-0.7393,-90.3518,302.13,85,70,3.58,EC,1682359553
26,visakhapatnam,17.69,83.2093,302.09,84,40,1.03,IN,1682359553
27,saldanha,-33.0117,17.9442,291.18,95,51,1.95,ZA,1682359553
28,altai,46.3722,96.2583,274.16,21,78,1.49,MN,1682359554
29,blackmans bay,-43.0167,147.3167,283.44,91,40,2.26,AU,1682359554
30,kangding,30.0513,101.9603,279.6,97,100,0.4,CN,1682359554
31,bredasdorp,-34.5322,20.0403,289.96,77,5,4.31,ZA,1682359555
32,utrik,11.2278,169.8474,299.98,83,100,9.72,MH,1682359555
33,bethel,41.3712,-73.414,288.12,47,75,2.57,US,1682359555
34,cabo san lucas,22.8909,-109.9124,302.38,52,20,6.17,MX,1682359555
35,port mathurin,-19.6833,63.4167,299.34,83,98,9.07,MU,1682359282
36,thaba nchu,-29.2093,26.839,288.51,29,100,2.01,ZA,1682359556
37,west island,-12.1568,96.8225,300.14,74,100,9.77,CC,1682359556
38,invercargill,-46.4,168.35,284.83,82,98,0.89,NZ,1682359443
39,ilulissat,69.2167,-51.1,274.16,93,20,3.09,GL,1682359557
40,sitka,57.0531,-135.33,279.09,70,100,4.63,US,1682359557
41,san patricio,28.017,-97.5169,296.12,73,86,4.38,US,1682359557
42,monterrey,25.6667,-100.3167,303.56,89,91,2.1,MX,1682359557
43,krivosheino,57.3431,83.9261,271.89,89,100,7.92,RU,1682359558
44,ain sukhna,29.6002,32.3167,295.12,50,1,4.98,EG,1682359558
45,jamestown,42.097,-79.2353,277.9,93,100,5.14,US,1682359491
46,hengyang,26.8881,112.615,283.45,91,100,2.31,CN,1682359559
47,coquimbo,-29.9533,-71.3436,292.0,68,20,4.63,CL,1682359559
48,masjed soleyman,31.9364,49.3039,300.9,39,0,1.03,IR,1682359559
49,codrington,-38.2667,141.9667,287.36,70,1,3.68,AU,1682359559
50,hamilton,39.1834,-84.5333,282.93,50,31,1.34,US,1682359288
51,ribeira grande,38.5167,-28.7,292.37,82,20,5.81,PT,1682359560
52,port-aux-francais,-49.35,70.2167,277.31,63,28,7.54,TF,1682359560
53,haiku-pauwela,20.9219,-156.3051,298.73,74,0,1.54,US,1682359561
54,la gi,10.6667,107.7833,300.67,81,33,6.16,VN,1682359562
55,shimoda,34.6667,138.95,283.76,71,100,5.04,JP,1682359564
56,georgetown,5.4112,100.3354,299.12,94,20,1.54,MY,1682359564
57,portland,45.5234,-122.6762,286.24,76,100,2.68,US,1682359564
58,namtsy,62.7161,129.6658,269.3,93,100,3.73,RU,1682359565
59,minas de marcona,-15.2119,-75.1103,295.38,59,3,8.21,PE,1682359565
60,atafu village,-8.5421,-172.5159,301.54,75,33,3.94,TK,1682359565
61,halawah,32.3846,35.6615,287.36,59,0,1.93,JO,1682359566
62,lethem,3.3803,-59.7968,303.32,62,98,1.36,GY,1682359566
63,kayes,14.0,-11.0,313.71,9,19,1.43,ML,1682359567
64,ghorawal,24.7667,82.7833,297.02,42,59,2.71,IN,1682359567
65,yanam,16.7333,82.2167,299.52,90,2,1.45,IN,1682359568
66,parry sound,45.3501,-80.033,276.18,75,100,3.44,CA,1682359365
67,kristiansund,63.1115,7.732,276.18,69,75,7.2,NO,1682359568
68,olonkinbyen,70.9221,-8.7187,268.93,82,99,7.66,SJ,1682359568
69,sao joao da barra,-21.6403,-41.0511,300.2,70,14,4.22,BR,1682359509
70,severo-yeniseyskiy,60.3725,93.0408,273.24,96,100,1.66,RU,1682359570
71,wailua homesteads,22.0669,-159.378,297.39,90,0,2.06,US,1682359571
72,puerto natales,-51.7236,-72.4875,281.4,93,75,1.03,CL,1682359328
73,westport,41.1415,-73.3579,288.89,52,0,7.2,US,1682359430
74,tsiombe,-25.3,45.4833,293.52,84,28,2.23,MG,1682359572
75,weno,7.4515,151.8468,300.12,100,100,0.0,FM,1682359572
76,margaret river,-33.95,115.0667,286.07,76,97,7.51,AU,1682359469
77,north tamworth,-31.0778,150.9261,283.21,93,0,4.12,AU,1682359573
78,enewetak,11.3474,162.3373,299.1,88,100,7.72,MH,1682359573
79,diu,20.7141,70.9822,300.28,63,89,5.89,IN,1682359574
80,afaahiti,-17.75,-149.2833,298.08,83,87,4.81,PF,1682359574
81,buy,58.4786,41.53,285.53,58,32,2.43,RU,1682359575
82,phan thiet,10.9333,108.1,299.37,85,39,4.25,VN,1682359575
83,tadine,-21.55,167.8833,296.98,84,92,5.52,NC,1682359575
84,dursunbey,39.586,28.6257,283.48,56,18,0.9,TR,1682359576
85,tidjikja,18.5564,-11.4271,308.81,10,1,6.9,MR,1682359576
86,hawaiian paradise park,19.5933,-154.9731,298.09,90,100,2.06,US,1682359576
87,longyearbyen,78.2186,15.6401,266.06,68,0,2.06,SJ,1682359577
88,butembo,0.15,29.2833,286.94,93,100,1.08,CD,1682359577
89,talnakh,69.4865,88.3972,275.49,77,57,4.4,RU,1682359578
90,itaituba,-4.2761,-55.9836,306.24,62,40,1.54,BR,1682359578
91,peterborough,52.5736,-0.2478,281.66,61,100,5.66,GB,1682359304
92,salina,38.8403,-97.6114,290.94,35,0,9.77,US,1682359579
93,punta arenas,-53.15,-70.9167,280.21,93,100,3.6,CL,1682359579
94,hun,29.1268,15.9477,299.21,24,89,5.75,LY,1682359579
95,las veredas,23.1388,-109.7075,302.02,56,0,5.14,MX,1682359580
96,valley city,46.9233,-98.0032,276.44,60,100,4.63,US,1682359580
97,diamantina,-18.2494,-43.6003,293.16,66,54,3.94,BR,1682359326
98,vilyuchinsk,52.9306,158.4028,272.18,82,82,3.56,RU,1682359581
99,ubari,26.5921,12.7805,300.21,21,79,4.28,LY,1682359581
100,vega de alatorre,20.0333,-96.6333,296.23,85,98,4.41,MX,1682359582
101,trairi,-3.2778,-39.2689,301.64,74,55,4.64,BR,1682359315
102,malvan,16.0667,73.4667,299.8,75,4,4.59,IN,1682359583
103,dzhangala,49.2167,50.3333,286.27,90,100,7.84,KZ,1682359583
104,irymple,-34.25,142.1667,290.49,56,0,4.07,AU,1682359583
105,saipan,15.1355,145.701,300.54,100,40,5.14,MP,1682359584
106,susuman,62.7833,148.1667,258.41,99,81,1.88,RU,1682359585
107,isafjordur,66.0755,-23.124,274.83,59,98,3.56,IS,1682359585
108,namdrik,5.5994,168.1028,300.92,80,100,6.46,MH,1682359586
109,stanley,54.868,-1.6985,279.42,69,20,5.66,GB,1682359586
110,lerwick,60.1545,-1.1494,276.15,63,100,11.26,GB,1682359587
111,saint-pierre,-21.3393,55.4781,299.58,83,0,1.54,RE,1682359587
112,saint-denis,48.9167,2.3333,286.92,67,75,3.09,FR,1682359587
113,qaqortoq,60.7167,-46.0333,275.6,78,50,1.05,GL,1682359588
114,necochea,-38.5473,-58.7368,295.0,44,0,3.19,AR,1682359588
115,gafanha da nazare,40.6362,-8.7134,293.72,73,88,3.91,PT,1682359588
116,nizhniy odes,63.6445,54.856,271.86,97,100,3.32,RU,1682359589
117,ola,59.5833,151.2833,274.9,81,100,4.78,RU,1682359589
118,banda aceh,5.5577,95.3222,300.25,79,100,2.31,ID,1682359590
119,iqaluit,63.7506,-68.5145,274.0,93,100,2.57,CA,1682359590
120,lihue,21.9789,-159.3672,297.73,90,0,2.06,US,1682359590
121,kecskemet,46.9062,19.6913,287.49,77,75,2.06,HU,1682359591
122,nuuk,64.1835,-51.7216,277.49,81,40,5.81,GL,1682359591
123,amga,60.8953,131.9608,269.66,94,100,3.12,RU,1682359591
124,polyarnyy,69.1989,33.4478,268.41,77,35,3.57,RU,1682359592
125,sandnessjoen,66.0217,12.6316,276.21,60,20,2.57,NO,1682359592
126,preobrazheniye,42.9019,133.9064,275.79,65,38,3.77,RU,1682359592
127,daru,-9.0763,143.2092,299.78,89,75,5.36,PG,1682359592
128,constantia,44.1833,28.65,283.53,82,35,5.58,RO,1682359593
129,swakopmund,-22.6833,14.5333,300.62,82,6,2.24,NA,1682359593
130,ixtapa,20.7,-105.2,299.72,57,40,4.12,MX,1682359594
131,antofagasta,-23.65,-70.4,292.75,76,7,3.97,CL,1682359466
132,kuta,-8.7233,115.1723,301.12,83,20,3.6,ID,1682359594
133,howard springs,-12.497,131.047,299.1,86,34,2.42,AU,1682359595
134,hermanus,-34.4187,19.2345,288.04,86,0,5.46,ZA,1682359595
135,uige,-7.6087,15.0613,295.67,83,76,1.59,AO,1682359595
136,caleta de carquin,-11.0925,-77.6267,299.38,69,86,6.74,PE,1682359596
137,argostolion,38.1811,20.489,289.19,88,20,2.06,GR,1682359596
138,bangui,4.3612,18.555,303.25,70,40,2.06,CF,1682359596
139,kenema,7.8767,-11.1875,305.39,52,44,2.34,SL,1682359597
140,yaren,-0.5472,166.916,301.08,77,60,2.9,NR,1682359597
141,esquel,-42.9,-71.3167,290.59,28,2,2.74,AR,1682359456
142,tarauaca,-8.1614,-70.7656,300.58,84,52,1.45,BR,1682359598
143,puerto san jose,13.9256,-90.8244,305.42,52,95,4.46,GT,1682359598
144,papatowai,-46.5619,169.4708,284.61,75,94,9.94,NZ,1682359598
145,kone,-21.0595,164.8658,294.47,93,85,1.74,NC,1682359599
146,aasiaat,68.7098,-52.8699,273.36,94,100,2.5,GL,1682359599
147,mount gambier,-37.8333,140.7667,286.68,71,2,2.66,AU,1682359599
148,upata,8.0086,-62.3989,303.81,50,69,0.95,VE,1682359599
149,la foa,-21.7108,165.8276,295.75,87,83,1.83,NC,1682359600
150,kralendijk,12.15,-68.2667,303.14,66,40,3.6,BQ,1682359600
151,dapitan,8.6464,123.4208,300.27,82,48,3.59,PH,1682359600
152,arraial do cabo,-22.9661,-42.0278,299.07,57,40,4.63,BR,1682359601
153,whitehorse,60.7161,-135.0538,276.58,81,100,5.66,CA,1682359442
154,cabimas,10.3883,-71.4399,303.25,59,94,2.23,VE,1682359601
155,rabo de peixe,37.8,-25.5833,290.88,94,75,3.6,PT,1682359602
156,tofol,5.3248,163.0078,297.98,88,100,2.5,FM,1682359602
157,galliano,29.4422,-90.2992,294.82,60,100,6.69,US,1682359602
158,vimmerby,57.6659,15.8552,280.32,91,100,3.14,SE,1682359603
159,atar,20.5169,-13.0499,309.53,8,15,5.29,MR,1682359603
160,hithadhoo,-0.6,73.0833,302.29,73,89,2.51,MV,1682359603
161,kaa-khem,51.6833,94.7333,277.44,48,76,2.42,RU,1682359604
162,laguna,38.421,-121.4238,296.53,54,0,2.06,US,1682359604
163,piacabucu,-10.4056,-36.4344,301.51,66,99,4.85,BR,1682359604
164,gadzhiyevo,69.2551,33.3362,267.39,78,32,3.8,RU,1682359455
165,xiazhuang,34.9161,118.6389,283.25,52,100,1.85,CN,1682359605
166,dwarka,22.2394,68.9678,300.32,76,70,6.36,IN,1682359605
167,feres,40.8956,26.17,287.84,58,20,2.57,GR,1682359605
168,tual,-5.6667,132.75,301.28,73,54,0.78,ID,1682359606
169,oppdal,62.5943,9.6912,271.54,97,100,3.0,NO,1682359606
170,quellon,-43.1167,-73.6167,286.29,82,100,5.66,CL,1682359606
171,pacasmayo,-7.4006,-79.5714,299.19,73,82,5.4,PE,1682359608
172,santa cruz,-17.8,-63.1667,300.87,60,72,1.59,BO,1682359608
173,liminka,64.8099,25.4155,275.19,64,100,2.57,FI,1682359609
174,glace bay,46.1969,-59.957,280.4,75,52,2.24,CA,1682359609
175,kununurra,-15.7667,128.7333,293.14,94,7,0.0,AU,1682359609
176,guercif,34.2257,-3.3536,300.29,29,0,9.0,MA,1682359609
177,kodiak,57.79,-152.4072,276.88,41,0,6.69,US,1682359610
178,vadso,70.0744,29.7487,273.64,74,0,6.69,NO,1682359610
179,lompoc,34.6391,-120.4579,292.38,72,20,7.2,US,1682359611
180,tralee,52.2704,-9.7026,282.19,68,56,4.48,IE,1682359611
181,douglas,41.3,-96.167,289.55,43,40,2.06,US,1682359611
182,paracale,14.2804,122.7881,298.74,83,56,4.7,PH,1682359612
183,badger,64.8,-147.5333,264.08,60,75,6.69,US,1682359612
184,portage la prairie,49.9728,-98.2926,277.55,63,25,2.24,CA,1682359612
185,tolanaro,-25.0319,46.9987,295.41,81,2,4.07,MG,1682359613
186,dudinka,69.4058,86.1778,273.81,78,92,8.24,RU,1682359613
187,salalah,17.0151,54.0924,302.2,79,20,2.57,OM,1682359596
188,al bawiti,28.3492,28.8659,299.05,18,48,5.01,EG,1682359614
189,gao,16.6362,1.637,309.31,9,1,6.83,ML,1682359614
190,holualoa,19.6228,-155.9522,296.92,74,85,0.33,US,1682359437
191,tomatlan,19.9333,-105.25,305.54,27,40,4.1,MX,1682359615
192,kodinsk,58.6881,99.1844,271.6,96,92,1.83,RU,1682359615
193,port alfred,-33.5906,26.891,293.81,90,100,1.79,ZA,1682359615
194,arenapolis,-14.4503,-56.8461,301.43,73,54,1.1,BR,1682359616
195,abeche,13.8292,20.8324,305.98,22,39,2.5,TD,1682359616
196,kingsbridge,50.2845,-3.7764,283.71,81,8,6.11,GB,1682359616
197,ondjiva,-17.0667,15.7333,298.94,49,56,2.48,AO,1682359617
198,xinyuan,37.3,99.0,270.62,37,36,3.43,CN,1682359617
199,anadyr,64.75,177.4833,266.43,58,32,7.0,RU,1682359618
200,port elizabeth,-33.918,25.5701,293.76,92,100,2.68,ZA,1682359616
201,murrells inlet,33.551,-79.0414,294.27,56,100,2.06,US,1682359419
202,burang,30.25,81.1667,269.65,89,99,0.65,CN,1682359618
203,tanjung pandan,-2.75,107.65,298.87,89,98,1.74,ID,1682359619
204,remire-montjoly,4.9167,-52.2667,298.17,94,100,2.06,GF,1682359619
205,baharly,38.4362,57.4316,300.26,22,52,3.31,TM,1682359619
206,masaka,-0.3338,31.7341,291.97,88,74,1.84,UG,1682359619
207,port douglas,-16.4833,145.4667,298.37,83,81,8.53,AU,1682359620
208,palmer,42.1584,-72.3287,287.95,53,85,1.34,US,1682359620
209,luderitz,-26.6481,15.1594,290.08,92,9,4.36,NA,1682359620
210,norilsk,69.3535,88.2027,275.61,84,79,4.61,RU,1682359403
211,aykhal,66.0,111.5,260.7,99,29,1.41,RU,1682359621
212,san carlos de bariloche,-41.1456,-71.3082,293.4,37,0,4.63,AR,1682359565
213,thompson,55.7435,-97.8558,271.84,89,98,1.29,CA,1682359622
214,palatka,29.6486,-81.6376,298.73,78,100,2.44,US,1682359622
215,sao jose da coroa grande,-8.8978,-35.1478,300.45,76,100,4.96,BR,1682359623
216,magadan,59.5667,150.8,272.31,77,100,4.93,RU,1682359623
217,wajir,1.7471,40.0573,302.34,64,100,3.89,KE,1682359624
218,buka,40.8108,69.1986,291.76,51,11,2.74,UZ,1682359624
219,pisco,-13.7,-76.2167,300.18,61,0,6.69,PE,1682359624
220,nagykanizsa,46.4535,16.991,285.43,91,100,2.96,HU,1682359625
221,norwich,52.6278,1.2983,281.68,70,40,4.12,GB,1682359567
222,hilo,19.7297,-155.09,298.49,74,100,2.06,US,1682359625
223,nyandoma,61.669,40.1991,282.87,74,32,3.67,RU,1682359626
224,okha,53.5739,142.9478,271.01,89,42,4.97,RU,1682359627
225,bima,-8.4667,118.7167,297.59,95,11,1.61,ID,1682359627
226,la alianza,18.3974,-66.6024,302.73,70,81,4.26,PR,1682359628
227,santarem,-2.4431,-54.7083,303.22,74,20,5.14,BR,1682359429
228,iskateley,67.6803,53.1512,267.48,90,73,3.13,RU,1682359628
229,bandar abbas,27.1865,56.2808,300.14,57,20,3.09,IR,1682359478
230,goz beida,13.95,20.55,307.12,22,38,5.03,TD,1682359629
231,prince rupert,54.3161,-130.3201,279.98,92,100,9.26,CA,1682359541
232,guerrero negro,27.9769,-114.0611,292.44,58,70,4.09,MX,1682359629
233,tinghir,31.5157,-5.5343,298.89,21,89,4.94,MA,1682359630
234,fort bragg,35.139,-79.006,291.59,42,20,3.6,US,1682359630
235,aleksandrovsk-sakhalinskiy,50.8975,142.1561,272.59,95,100,3.72,RU,1682359630
236,altamont,42.2068,-121.7372,282.46,52,20,3.09,US,1682359631
237,pemba,-12.974,40.5178,300.11,80,47,6.91,MZ,1682359631
238,penhalonga,-18.8911,32.6978,288.01,89,60,1.87,ZW,1682359631
239,timimoun,29.2639,0.231,305.56,13,1,4.1,DZ,1682359632
240,markaz-e hukumat-e darweshan,31.1323,64.1934,301.25,6,95,1.01,AF,1682359632
241,myeik,12.4333,98.6,300.63,80,46,1.28,MM,1682359633
242,springs,-26.25,28.4,292.41,44,98,3.38,ZA,1682359633
243,tazovsky,67.4667,78.7,267.44,93,100,4.73,RU,1682359634
244,mar del plata,-38.0023,-57.5575,291.45,87,75,5.66,AR,1682359634
245,al kharj,24.155,47.3346,301.98,31,82,4.16,SA,1682359634
246,shemonaikha,50.6328,81.9056,282.56,77,89,4.07,KZ,1682359635
247,kletnya,53.3897,33.2171,284.01,70,77,2.29,RU,1682359635
248,moranbah,-22.0016,148.0466,290.12,86,1,7.35,AU,1682359635
249,piskivka,50.6938,29.6193,283.91,72,67,3.04,UA,1682359636
250,bayanhongor,46.7167,100.1167,269.37,49,25,1.88,MN,1682359636
251,road town,18.4167,-64.6167,303.17,62,40,3.6,VG,1682359637
252,mtambile,-5.3833,39.7,300.22,82,13,4.91,TZ,1682359637
253,logten,56.2746,10.3118,283.88,87,100,2.57,DK,1682359637
254,juticalpa,14.65,-86.2,310.23,28,53,1.09,HN,1682359444
255,tura,25.5198,90.2201,296.19,47,6,1.52,IN,1682359638
256,crane,31.3974,-102.3501,288.72,61,98,7.12,US,1682359586
257,acarau,-2.8856,-40.12,301.86,74,47,4.82,BR,1682359639
258,smara,26.7384,-11.6719,305.46,19,94,5.68,EH,1682359638
259,zaltan,32.947,11.8665,293.96,40,0,4.9,LY,1682359639
260,kenai,60.5544,-151.2583,272.2,59,0,0.0,US,1682359640
261,carnarvon,-24.8667,113.6333,292.89,67,71,8.28,AU,1682359640
262,guatire,10.4762,-66.5427,300.99,68,57,1.95,VE,1682359640
263,klyuchi,52.2667,79.1667,280.77,68,71,5.87,RU,1682359641
264,sodra sandby,56.5667,16.6167,280.07,94,100,2.39,SE,1682359642
265,rongelap,11.1635,166.8941,300.09,83,100,9.06,MH,1682359642
266,port lincoln,-34.7333,135.8667,291.68,68,89,3.03,AU,1682359642
267,charkhari,25.4,79.75,298.22,43,15,5.52,IN,1682359643
268,ust-nera,64.5667,143.2,260.53,96,89,2.93,RU,1682359643
269,central,30.5544,-91.0368,293.19,55,100,3.6,US,1682359409
270,balakhta,55.38,91.6,277.51,75,100,1.69,RU,1682359644
271,qazigund,33.6333,75.15,284.9,56,3,1.21,IN,1682359644
272,le port,-20.9373,55.2919,299.76,89,29,4.55,RE,1682359645
273,north ward,-19.2454,146.8075,297.1,73,75,6.69,AU,1682359645
274,zeya,53.75,127.2667,269.79,68,25,2.37,RU,1682359646
275,nova xavantina,-14.6667,-52.35,302.97,53,5,2.07,BR,1682359646
276,kargasok,59.0556,80.8572,270.02,74,72,8.52,RU,1682359646
277,ancud,-41.8697,-73.8203,286.26,80,39,6.13,CL,1682359646
278,yeppoon,-23.1333,150.7333,293.03,69,69,8.68,AU,1682359647
279,kafue,-15.7691,28.1814,294.06,51,34,2.12,ZM,1682359647
280,kapuskasing,49.4169,-82.4331,273.49,90,100,3.25,CA,1682359647
281,percut,3.6253,98.864,297.27,89,96,1.75,ID,1682359648
282,vilyuysk,63.7553,121.6247,268.04,93,100,3.61,RU,1682359648
283,mersa matruh,31.3525,27.2453,291.45,70,3,4.9,EG,1682359648
284,shingu,33.7333,135.9833,284.34,84,100,3.38,JP,1682359649
285,arfoud,31.4348,-4.2375,303.25,16,19,3.24,MA,1682359649
286,kathmandu,27.7167,85.3167,286.95,83,40,1.34,NP,1682359566
287,borogontsy,62.6683,131.1683,267.76,96,100,1.87,RU,1682359649
288,ghanzi,-21.5667,21.7833,293.68,38,69,8.98,BW,1682359650
289,plainview,40.7765,-73.4673,289.68,51,75,5.14,US,1682359650
290,ar ruways,24.1103,52.7306,301.14,52,36,4.27,AE,1682359650
291,quezon,7.7303,125.0989,295.89,94,83,1.34,PH,1682359651
292,sinabang,2.4803,96.3801,300.76,80,99,1.12,ID,1682359651
293,songea,-10.6833,35.65,291.12,97,22,1.14,TZ,1682359651
294,upper hutt,-41.1383,175.0502,281.77,86,35,2.88,NZ,1682359652
295,beboto,8.2668,16.939,299.79,65,95,4.7,TD,1682359653
296,tangalle,6.024,80.7911,299.85,82,45,0.24,LK,1682359653
297,gojra,31.1487,72.6866,300.37,15,0,2.14,PK,1682359653
298,alofi,-19.0595,-169.9187,295.09,74,100,4.63,NU,1682359654
299,la'ie,21.6477,-157.9253,300.13,85,22,0.41,US,1682359654
300,nyazepetrovsk,56.0531,59.6028,282.35,70,77,2.61,RU,1682359655
301,yakoruda,42.0253,23.6842,285.03,92,100,0.86,BG,1682359655
302,al jawf,29.5,38.75,297.97,17,15,6.34,SA,1682359655
303,kharp,66.8014,65.8081,266.64,89,45,4.72,RU,1682359656
304,groningen,53.25,6.75,281.51,87,100,2.24,NL,1682359656
305,lata,40.1629,-8.3327,295.33,63,83,3.06,PT,1682359656
306,geraldton,-28.7667,114.6,287.38,77,100,2.57,AU,1682359657
307,zhoushan,30.0108,122.2047,287.37,90,99,5.45,CN,1682359657
308,tete,-16.1564,33.5867,302.2,42,0,4.63,MZ,1682359657
309,smithers,54.7804,-127.1743,280.33,76,75,0.0,CA,1682359363
310,moyale,3.5167,39.0584,293.54,89,97,2.07,KE,1682359658
311,pyt-yakh,60.7499,72.8582,270.52,79,33,4.99,RU,1682359658
312,angra dos reis,-23.0067,-44.3181,296.87,62,3,1.85,BR,1682359659
313,cape coast,5.1053,-1.2466,301.46,78,100,4.32,GH,1682359659
314,anna regina,7.2644,-58.5077,300.97,75,68,4.4,GY,1682359659
315,sinop,41.7711,34.8709,280.0,92,85,2.05,TR,1682359660
316,brisas de zicatela,15.8369,-97.0419,304.44,70,20,3.6,MX,1682359660
317,london,51.5085,-0.1257,281.35,92,75,3.09,GB,1682359038
318,malanje,-9.5402,16.341,293.25,90,81,1.18,AO,1682359660
319,garbahaarrey,3.3289,42.2209,302.1,64,94,2.6,SO,1682359661
320,thunder bay,48.4001,-89.3168,276.14,60,75,3.09,CA,1682359559
321,cromer,52.9312,1.2989,281.15,70,64,5.36,GB,1682359661
322,tarawa,1.419,172.984,301.2,83,75,3.6,KI,1682359662
323,krapivinskiy,54.9992,86.8133,281.15,81,100,5.14,RU,1682359662
324,xinzhi,36.4989,111.7047,279.3,92,100,1.26,CN,1682359662
325,bonny,4.4522,7.1681,302.05,76,38,5.7,NG,1682359663
326,kwangyang,34.9753,127.5892,284.23,59,95,3.11,KR,1682359663
327,imperial,33.0334,-115.4175,303.27,21,14,2.34,US,1682359663
328,nikolayevsk-on-amure,53.1406,140.73,271.11,82,47,2.99,RU,1682359664
329,petropavlovsk-kamchatsky,53.0452,158.6483,270.48,86,75,1.0,RU,1682359664
330,hepingjie,42.0597,126.9158,276.33,34,100,1.94,CN,1682359664
331,nadi,-17.8,177.4167,295.15,94,75,2.57,FJ,1682359664
332,mount isa,-20.7333,139.5,297.02,35,40,3.6,AU,1682359665
333,berdigestyakh,62.0989,126.6992,269.06,89,100,5.65,RU,1682359665
334,salinas,36.6777,-121.6555,292.35,63,0,4.63,US,1682359665
335,samarinda,-0.5,117.15,296.47,99,99,0.14,ID,1682359666
336,laguilayan,6.6525,124.5211,297.68,91,85,0.64,PH,1682359666
337,kingscliff,-28.2667,153.5667,294.04,68,100,7.2,AU,1682359667
338,nagqu,31.5,92.0,271.53,29,68,3.47,CN,1682359667
339,bogale,16.2833,95.4,302.18,73,14,4.23,MM,1682359667
340,melfort,52.8667,-104.6177,278.77,50,98,6.07,CA,1682359667
341,east london,-33.0153,27.9116,294.33,74,100,0.29,ZA,1682359668
342,murghob,38.1702,73.9667,269.34,52,65,2.5,TJ,1682359668
343,san jose del cabo,23.0589,-109.6977,302.37,56,0,5.14,MX,1682359668
344,bubaque,11.2833,-15.8333,299.67,68,36,6.62,GW,1682359669
345,awjilah,29.1081,21.2869,302.47,16,34,3.83,LY,1682359669
346,qarah bagh,34.9402,61.7759,293.21,28,87,4.02,AF,1682359669
347,vodnyy,63.5046,53.4095,273.54,98,100,3.59,RU,1682359670
348,mount pearl,47.5166,-52.7813,277.57,92,100,8.75,CA,1682359670
349,teknaf,20.8624,92.3058,298.86,65,2,2.32,BD,1682359670
350,giyani,-23.3025,30.7187,296.23,46,0,2.65,ZA,1682359526
351,jayapura,-2.5333,140.7,298.81,92,93,1.38,ID,1682359671
352,saint-philippe,-21.3585,55.7679,298.92,81,27,1.88,RE,1682359672
353,aljezur,37.3191,-8.8033,292.58,70,53,5.88,PT,1682359672
354,baise city,23.8997,106.6133,292.27,93,100,1.73,CN,1682359672
355,conception bay south,47.4999,-52.9981,277.9,92,100,8.07,CA,1682359523
356,coahuayana de hidalgo,18.7,-103.6583,304.86,49,74,3.27,MX,1682359673
357,touros,-5.1989,-35.4608,302.52,67,42,6.92,BR,1682359673
358,fale old settlement,-9.3852,-171.2468,301.5,75,18,3.47,TK,1682359673
359,nova sintra,14.8667,-24.7167,293.42,74,2,9.03,CV,1682359674
360,namibe,-15.1961,12.1522,297.28,71,46,6.36,AO,1682359674
361,titao,13.7667,-2.0667,311.59,10,1,4.01,BF,1682359674
362,kabare,-2.4683,28.8242,289.82,94,100,0.54,CD,1682359675
363,puerto leguizamo,-0.1934,-74.7819,300.79,74,100,1.74,CO,1682359675
364,primero de mayo,-32.2552,-58.4228,297.34,37,100,2.42,AR,1682359675
365,al hasakah,36.5024,40.7477,293.49,32,0,4.07,SY,1682359612
366,spas-klepiki,55.1347,40.1767,285.68,59,66,3.18,RU,1682359676
367,flying fish cove,-10.4217,105.6791,300.4,78,54,5.77,CX,1682359572
368,turan,16.0678,108.2208,300.14,83,40,2.57,VN,1682359676
369,enid,36.3956,-97.8784,292.03,31,75,9.77,US,1682359677
370,kerema,-7.9631,145.7785,299.27,88,100,3.14,PG,1682359677
371,san antonio de pale,-1.4014,5.6325,301.44,72,87,2.23,GQ,1682359677
372,mabaruma,8.2,-59.7833,299.7,91,73,2.2,GY,1682359678
373,mvomero,-6.25,38.6667,297.45,97,65,1.67,TZ,1682359678
374,treasure island,27.7692,-82.769,302.2,67,20,0.45,US,1682359678
375,oranjemund,-28.55,16.4333,289.52,97,28,2.61,NA,1682359679
376,kapa'a,22.0752,-159.319,298.14,90,0,2.06,US,1682359679
377,xiongzhou,25.1167,114.3,288.14,93,100,1.55,CN,1682359679
378,belozersk,60.0326,37.7957,284.19,61,61,3.32,RU,1682359680
379,piti village,13.4626,144.6933,300.64,88,20,3.09,GU,1682359680
380,pontianak,-0.0333,109.3333,297.14,100,100,1.03,ID,1682359680
381,vorgashor,67.5833,63.95,265.27,96,94,4.77,RU,1682359681
382,tazacorte,28.629,-17.9293,294.69,80,0,4.12,ES,1682359681
383,massawa,15.6097,39.45,303.5,75,90,0.67,ER,1682359681
384,bereznik,62.8551,42.7072,284.83,72,45,5.32,RU,1682359682
385,noumea,-22.2763,166.4572,298.71,99,94,5.15,NC,1682359682
386,chonchi,-42.6128,-73.8092,286.55,61,37,1.99,CL,1682359683
387,sisimiut,66.9395,-53.6735,274.59,95,100,1.74,GL,1682359683
388,zaxo,37.1482,42.7001,287.8,78,57,1.25,IQ,1682359683
389,mamadysh,55.7152,51.408,288.67,47,2,3.02,RU,1682359684
390,shanhaiguan,39.9988,119.7564,284.66,62,100,5.58,CN,1682359684
391,miandrivazo,-19.5167,45.4667,296.42,76,1,0.56,MG,1682359684
392,chilaw,7.5758,79.7953,298.16,76,89,3.44,LK,1682359685
393,stettler,52.3168,-112.7186,282.45,59,97,1.28,CA,1682359685
394,ulsteinvik,62.3432,5.8487,277.65,71,100,7.6,NO,1682359685
395,yarmouth,41.7057,-70.2286,289.41,78,0,4.47,US,1682359685
396,cienfuegos,22.1461,-80.4356,305.23,40,20,3.6,CU,1682359686
397,buala,-8.145,159.5921,299.34,84,100,1.15,SB,1682359686
398,fisterra,42.9049,-9.2629,290.94,90,98,4.51,ES,1682359686
399,pajapan,18.25,-94.7,294.24,76,100,2.22,MX,1682359687
400,floro,61.5996,5.0328,278.28,60,40,7.72,NO,1682359687
401,boca do acre,-8.7522,-67.3978,301.25,86,41,1.2,BR,1682359688
402,farmville,37.3021,-78.3919,289.55,36,40,2.06,US,1682359688
403,mukalla,14.5425,49.1242,300.83,75,19,2.42,YE,1682359494
404,wellington,-41.2866,174.7756,281.96,81,34,4.63,NZ,1682359689
405,ad dabbah,18.05,30.95,308.82,9,57,4.47,SD,1682359689
406,fairfield,41.2668,-73.3162,288.27,50,75,7.2,US,1682359673
407,freetown,8.484,-13.2299,301.56,75,60,4.33,SL,1682359690
408,orchard homes,46.8633,-114.0484,281.23,88,100,5.66,US,1682359690
409,salinopolis,-0.6136,-47.3561,301.02,76,88,3.48,BR,1682359690
410,saham,24.1722,56.8886,303.16,53,97,1.99,OM,1682359691
411,hotan,37.0997,79.9269,290.87,14,0,2.32,CN,1682359691
412,borkum,53.5809,6.6915,282.12,86,100,8.23,DE,1682359406
413,obo,5.3998,26.4869,300.59,48,89,3.15,CF,1682359692
414,vryburg,-26.9566,24.7284,291.41,41,100,7.08,ZA,1682359692
415,naze,28.3667,129.4833,292.2,80,96,7.93,JP,1682359692
416,saudarkrokur,65.7461,-19.6394,276.15,53,72,2.52,IS,1682359693
417,balod,20.73,81.2047,301.77,36,71,3.1,IN,1682359632
418,kayar,14.9192,-17.1211,302.68,70,9,7.24,SN,1682359693
419,usogorsk,63.4106,48.6872,278.02,97,100,4.03,RU,1682359693
420,howrah,22.5892,88.3103,297.15,83,20,0.0,IN,1682359694
421,baturaja,-4.1333,104.1667,296.66,98,96,0.6,ID,1682359694
422,hanzhong,33.0728,107.0303,278.98,93,100,0.4,CN,1682359695
423,taksimo,56.3444,114.8794,266.85,66,91,1.72,RU,1682359695
424,terrell,32.736,-96.2753,292.8,40,0,6.17,US,1682359695
425,sivers'k,48.867,38.1001,285.97,77,100,3.84,UA,1682359696
426,itoman,26.1247,127.6694,296.16,78,100,2.06,JP,1682359696
427,celestun,20.8667,-90.4,302.49,56,97,3.66,MX,1682359697
428,port moresby,-9.4431,147.1797,297.93,90,100,2.17,PG,1682359697
429,banjar,-8.19,114.9675,298.73,91,79,1.08,ID,1682359698
430,caxias,38.7031,-9.2767,296.78,55,0,7.72,PT,1682359698
431,san rafael del yuma,18.4299,-68.6739,304.26,57,88,3.16,DO,1682359698
432,pleasanton,37.6624,-121.8747,294.28,56,0,2.57,US,1682359699
433,ilha solteira,-20.4328,-51.3425,302.02,47,97,3.02,BR,1682359699
434,carbonear,47.7332,-53.2148,277.67,85,100,7.9,CA,1682359699
435,kiunga,-6.1219,141.2906,295.46,99,100,0.79,PG,1682359700
436,nar'yan-mar,67.6713,53.087,267.58,90,74,3.12,RU,1682359700
437,omuo-ekiti,7.7583,5.7223,299.46,68,100,0.28,NG,1682359701
438,holmsund,63.706,20.3641,275.12,47,0,3.58,SE,1682359701
439,usinsk,65.9939,57.5281,267.56,88,66,4.06,RU,1682359702
440,greymouth,-42.4667,171.2,282.68,78,77,0.87,NZ,1682359702
441,rampur,28.8167,79.0333,297.17,33,33,3.31,IN,1682359702
442,neiafu,-18.65,-173.9833,292.53,94,20,0.0,TO,1682359703
443,sosnogorsk,63.6023,53.8817,272.97,97,100,3.73,RU,1682359703
444,yelets,52.6237,38.5017,284.07,71,53,3.27,RU,1682359704
445,undurkhaan,47.3194,110.6556,270.9,76,19,1.82,MN,1682359704
446,wotho,10.1657,166.0102,300.15,83,98,8.01,MH,1682359704
447,harper,4.375,-7.7169,301.5,77,100,3.02,LR,1682359705
448,dongsheng,39.8161,109.9776,277.44,77,64,4.47,CN,1682359705
449,rikaze,29.25,88.8833,278.56,35,86,3.26,CN,1682359706
450,taro,-8.3862,115.28,297.15,95,84,0.59,ID,1682359706
451,el matama,16.7095,33.3565,310.79,8,17,4.06,SD,1682359706
452,qamdo,31.1667,97.2333,272.15,44,95,0.51,CN,1682359707
453,junqueiropolis,-21.5147,-51.4336,299.33,57,64,3.93,BR,1682359707
454,yatou,37.15,122.3833,280.43,44,100,1.68,CN,1682359708
455,tamanrasset,22.785,5.5228,303.1,11,20,2.06,DZ,1682359708
456,ciudad guayana,8.3533,-62.6528,305.66,63,60,1.08,VE,1682359708
457,nouadhibou,20.931,-17.0347,295.14,68,0,9.77,MR,1682359709
458,yangiobod,41.1192,70.0941,285.92,52,17,0.85,UZ,1682359709
459,port saint john's,-31.6229,29.5448,297.01,65,100,1.85,ZA,1682359709
460,st. john's,47.5649,-52.7093,278.03,92,100,9.39,CA,1682359599
461,raduzhny,62.0961,77.475,269.98,83,45,7.18,RU,1682359710
462,melfi,40.9965,15.6514,286.76,82,15,4.21,IT,1682359710
463,syktyvkar,61.6764,50.8099,281.0,57,0,2.0,RU,1682359711
464,tejen,37.3834,60.5054,301.62,16,60,6.74,TM,1682359711
465,colonia,50.9333,6.95,285.35,61,40,6.17,DE,1682359590
466,bishkek,42.87,74.59,286.26,72,99,2.45,KG,1682359711
467,extrema,-22.8547,-46.3183,295.2,55,3,2.4,BR,1682359712
468,lanzhou,36.0564,103.7922,282.92,51,69,1.49,CN,1682359712
469,pathein,16.7833,94.7333,300.94,78,3,3.58,MM,1682359712
470,vernon,50.2581,-119.2691,285.24,77,81,2.68,CA,1682359533
471,uturoa,-16.7333,-151.4333,299.99,79,68,4.53,PF,1682359713
472,saint george,37.1041,-113.5841,295.9,37,0,1.79,US,1682359713
473,revda,56.801,59.9303,282.91,76,94,1.43,RU,1682359714
474,puke,42.0444,19.8997,280.85,95,100,2.6,AL,1682359714
475,puerto baquerizo moreno,-0.9,-89.6,301.7,74,40,3.09,EC,1682359714
476,hrib-loski potok,45.7011,14.5911,280.92,96,100,1.93,SI,1682359715
477,summerside,46.3959,-63.7876,282.97,79,17,4.43,CA,1682359715
478,dalandzadgad,43.5708,104.425,275.35,37,26,2.0,MN,1682359715
479,narvik,68.4384,17.4272,274.82,53,3,1.15,NO,1682359716
480,bu'aale,1.0833,42.5833,299.61,85,99,3.5,SO,1682359716
481,rantauprapat,2.1,99.8333,296.81,97,97,0.81,ID,1682359716
482,bereket,39.2446,55.5154,301.73,18,36,8.5,TM,1682359717
483,santa barbara,34.7333,-120.0343,287.44,82,75,2.57,US,1682359651
484,scottburgh,-30.2867,30.7532,295.06,88,93,3.12,ZA,1682359717
485,ust'-ilimsk,58.0006,102.6619,270.75,89,100,1.79,RU,1682359717
486,malango,-2.9627,119.9001,292.65,98,100,1.11,ID,1682359718
487,kwang binh,17.4833,106.6,297.39,90,23,0.9,VN,1682359718
488,roquetas de mar,36.7642,-2.6148,295.71,60,19,0.85,ES,1682359719
489,abra pampa,-22.7205,-65.697,290.31,8,0,4.69,AR,1682359719
490,sokoni,-6.4333,39.55,300.8,81,98,5.95,TZ,1682359719
491,sulak,43.2734,47.5146,286.29,79,56,1.61,RU,1682359720
492,broome,42.2506,-75.833,284.83,54,75,2.57,US,1682359720
493,arsen'yev,44.1631,133.2733,273.63,53,66,1.51,RU,1682359720
494,beauharnois,45.3168,-73.8659,282.18,85,100,1.17,CA,1682359721
495,tejar,9.7462,-84.2337,302.18,47,21,3.72,CR,1682359452
496,newman,37.3138,-121.0208,295.5,50,66,0.89,US,1682359721
497,livingston,55.9029,-3.5226,281.4,56,0,3.09,GB,1682359486
498,igarka,67.4667,86.5833,274.31,97,100,9.08,RU,1682359722
499,manokwari,-0.8667,134.0833,299.0,80,53,1.19,ID,1682359722
500,hadibu,12.65,54.0333,301.48,69,54,0.86,YE,1682359722
501,quinhamel,11.8833,-15.85,301.7,50,25,6.08,GW,1682359723
502,barclayville,4.6797,-8.2339,300.57,84,95,2.41,LR,1682359723
503,coyhaique,-45.5752,-72.0662,290.12,45,40,3.09,CL,1682359474
504,paciran,-6.8767,112.3761,299.67,82,71,3.17,ID,1682359724
505,carutapera,-1.195,-46.02,301.68,75,93,3.51,BR,1682359724
506,siwa oasis,29.2041,25.5195,301.25,20,28,3.37,EG,1682359725
507,okhotsk,59.3833,143.3,269.56,84,100,3.23,RU,1682359725
508,highfields,-27.4518,151.9463,287.24,87,76,3.72,AU,1682359725
509,jevargi,17.0167,76.7667,307.96,21,68,3.43,IN,1682359726
510,brokopondo,4.75,-55.1667,300.7,76,97,4.19,SR,1682359726
511,soledade,-28.8183,-52.5103,298.19,34,0,1.79,BR,1682359447
512,hoganas,56.1997,12.558,287.05,64,95,3.13,SE,1682359726
513,bartlesville,36.7473,-95.9808,292.1,32,0,5.36,US,1682359563
514,the pas,53.8251,-101.2541,277.63,52,24,3.43,CA,1682359727
515,hafar al-batin,28.4328,45.9708,303.17,26,94,3.94,SA,1682359727
516,lincheng,19.9078,109.6858,297.61,93,35,3.33,CN,1682359728
517,pallappatti,10.7,77.8833,300.43,68,97,3.35,IN,1682359728
518,nogliki,51.8333,143.1667,271.5,82,74,5.71,RU,1682359728
519,shatsk,54.0258,41.7119,284.18,65,45,2.93,RU,1682359728
520,ribas do rio pardo,-20.4431,-53.7592,299.42,70,62,2.33,BR,1682359729
521,holmestrand,59.4876,10.3176,278.26,51,100,5.2,NO,1682359689
522,trasacco,41.9569,13.5345,285.31,86,65,1.61,IT,1682359729
523,kimbe,-5.5502,150.1429,297.68,92,85,1.36,PG,1682359729
524,nanchong,30.7951,106.0847,283.13,92,100,0.98,CN,1682359730
525,praia da vitoria,38.7333,-27.0667,292.46,89,3,6.54,PT,1682359730
526,griffith,41.5284,-87.4237,284.99,42,75,5.14,US,1682359730
527,kitui,-1.367,38.0106,292.73,89,71,1.53,KE,1682359731
528,saint-francois,46.4154,3.9054,286.84,61,0,1.54,FR,1682359731
529,balkashino,52.5167,68.7667,281.01,58,52,0.8,KZ,1682359731
530,fortuna,40.5982,-124.1573,286.44,76,82,2.24,US,1682359732
531,tsuruoka,38.7217,139.8217,277.69,56,7,2.14,JP,1682359701
532,el dorado,38.7666,-120.5177,293.69,47,15,0.89,US,1682359732
533,luena,-11.7833,19.9167,293.35,73,100,1.41,AO,1682359733
534,tromso,69.6496,18.957,274.16,55,0,2.57,NO,1682359733
535,kapoeta,4.7717,33.5903,302.03,48,90,2.96,SS,1682359733
536,zambezi,-13.5432,23.1047,295.25,62,97,1.58,ZM,1682359733
537,treinta y tres,-33.2333,-54.3833,299.55,44,55,3.64,UY,1682359734
538,point fortin,10.1833,-61.6833,300.31,73,10,2.76,TT,1682359734
539,malacacheta,-17.8422,-42.0767,295.86,69,93,2.71,BR,1682359622
540,pouso alegre,-22.23,-45.9364,295.7,57,3,0.28,BR,1682359735
541,nova vicosa,-17.8919,-39.3719,299.69,66,75,6.47,BR,1682359735
542,tommot,58.9564,126.2925,267.04,92,74,4.22,RU,1682359735
543,yueyang,29.3333,113.0919,282.2,96,100,4.4,CN,1682359736
544,ayr,55.4627,-4.6339,282.77,61,40,3.6,GB,1682359736
545,dyer,36.0501,-89.4001,289.64,36,40,5.66,US,1682359736
546,camocim,-2.9022,-40.8411,300.77,78,81,3.08,BR,1682359737
547,xishan,27.6667,113.5,283.19,96,100,1.85,CN,1682359737
548,keflavik,64.0049,-22.5624,282.1,65,75,1.03,IS,1682359737
549,roberval,48.5168,-72.2324,276.92,95,100,3.31,CA,1682359737
550,meybod,32.2501,54.0166,298.16,39,100,11.6,IR,1682359738
551,ataq,14.5377,46.8319,297.95,53,15,5.12,YE,1682359738
552,nantong,32.0303,120.8747,285.94,75,100,2.11,CN,1682359738
553,santa terezinha,-29.9002,-50.0904,295.99,78,8,6.3,BR,1682359739
554,vallenar,-28.5708,-70.7581,299.79,30,0,2.99,CL,1682359739
555,pathalgaon,22.5667,83.4667,299.13,36,45,2.93,IN,1682359739
556,mariel,22.9875,-82.7536,303.23,52,85,1.82,CU,1682359740
557,horta,38.5333,-28.6333,291.95,88,20,5.81,PT,1682359740
